{"cameraMode":{"drawMode":0,"name":"Shaded","section":"Shading Mode"},"sceneLighting":true,"audioPlay":false,"sceneViewState":{"showFog":true,"showMaterialUpdate":true,"showSkybox":true,"showFlares":true,"showImageEffects":true,"showParticleSystems":true},"in2DMode":false,"pivot":{"x":199.83074951171876,"y":134.544189453125,"z":98.94917297363281},"rotation":{"x":-0.06780119240283966,"y":0.9015083312988281,"z":-0.1531817764043808,"w":-0.399025022983551},"size":59.328460693359378,"orthographic":false}