{"cameraMode":{"drawMode":0,"name":"Shaded","section":"Shading Mode"},"sceneLighting":true,"audioPlay":false,"sceneViewState":{"showFog":true,"showMaterialUpdate":false,"showSkybox":true,"showFlares":true,"showImageEffects":true,"showParticleSystems":true},"in2DMode":false,"pivot":{"x":720.82275390625,"y":218.654296875,"z":1743.8974609375},"rotation":{"x":0.05935684219002724,"y":-0.8506652116775513,"z":0.5136601328849793,"w":0.09702663868665695},"size":1298.376953125,"orthographic":false}