{"cameraMode":{"drawMode":0,"name":"Shaded","section":"Shading Mode"},"sceneLighting":true,"audioPlay":false,"sceneViewState":{"showFog":true,"showMaterialUpdate":false,"showSkybox":true,"showFlares":true,"showImageEffects":true,"showParticleSystems":true},"in2DMode":false,"pivot":{"x":385.3640441894531,"y":316.1936950683594,"z":35.7333984375},"rotation":{"x":0.26205092668533327,"y":0.26443931460380556,"z":-0.07607545703649521,"w":0.9252413511276245},"size":312.4801940917969,"orthographic":false}