{"cameraMode":{"drawMode":0,"name":"Shaded","section":"Shading Mode"},"sceneLighting":true,"audioPlay":false,"sceneViewState":{"showFog":true,"showMaterialUpdate":false,"showSkybox":true,"showFlares":true,"showImageEffects":true,"showParticleSystems":true},"in2DMode":false,"pivot":{"x":168.40086364746095,"y":205.564208984375,"z":-210.5118408203125},"rotation":{"x":0.180815190076828,"y":-0.022571293637156488,"z":0.0034369013737887146,"w":0.9834689497947693},"size":195.3406219482422,"orthographic":false}